id,label
108_Burgess_Joseph,108_Burgess_Joseph
126_Cardus_Neville,126_Cardus_Neville
143_’Chat’_Chatterton_Daniel,143_’Chat’_Chatterton_Daniel
147_Church_Richard,147_Church_Richard
155_Clarke_Charles_Allen,155_Clarke_Charles_Allen
177_Cooper_Thomas,177_Cooper_Thomas
178_Coppard_Alfred_Edgar,178_Coppard_Alfred_Edgar
200_Davies_David_Richard,200_Davies_David_Richard
222_Edwards_John_Passmore,222_Edwards_John_Passmore
225_Eldred_John,225_Eldred_John
238_Farningham_Marianne,238_Farningham_Marianne
251_Frost_Thomas,251_Frost_Thomas
255_Gallacher_William,255_Gallacher_William
25_Askham_John,25_Askham_John
262_Garrat_Vere_W.,262_Garrat_Vere_W.
265_Gifford_William,265_Gifford_William
270_Glyde_Charles_Augustus,270_Glyde_Charles_Augustus
278_Gould_F.J.,278_Gould_F.J.
304_Harris_John,304_Harris_John
326_Hetherington_Henry,326_Hetherington_Henry
337_Hogg_James,337_Hogg_James
339_Holcroft_Thomas,339_Holcroft_Thomas
344_Holyoake_George_Jacob,344_Holyoake_George_Jacob
366_Hutton_William,366_Hutton_William
38_Bamford_Samuel,38_Bamford_Samuel
395_Jones__Jack,395_Jones__Jack
422_Lansbury_George,422_Lansbury_George
428_Leatherland_John_A.,428_Leatherland_John_A.
430_Leno_John_Bedford,430_Leno_John_Bedford
445_Linton_William_James,445_Linton_William_James
447_Livesey_Joseph,447_Livesey_Joseph
462_MacDiarmid_Hugh,462_MacDiarmid_Hugh
466_MacGill_Patrick,466_MacGill_Patrick
521_Morrison_Herbert,521_Morrison_Herbert
524_Muir_Edwin,524_Muir_Edwin
539_Okey_Thomas,539_Okey_Thomas
543_Owen_Robert,543_Owen_Robert
548_Paterson_James,548_Paterson_James
549_Paton_John,549_Paton_John
54_Bell_Neil,54_Bell_Neil
557_Plummer_John,557_Plummer_John
561_Powell_James_Henry,561_Powell_James_Henry
568_Ragg_Thomas,568_Ragg_Thomas
56_Bell_Thomas,56_Bell_Thomas
573_Redfern_Percy,573_Redfern_Percy
582_Riddell_Henry_Scott,582_Riddell_Henry_Scott
59_Bertram_James,59_Bertram_James
600_Rowles_George,600_Rowles_George
62_Bethune_Alexander,62_Bethune_Alexander
638_Smith_Mary,638_Smith_Mary
645_Somerville_Alexander,645_Somerville_Alexander
652_Spring_Howard,652_Spring_Howard
660_Stanley_Henry_Morton,660_Stanley_Henry_Morton
665_Stewart_Robert,665_Stewart_Robert
672_Stott_Benjamin,672_Stott_Benjamin
729_Wadle_George_James,729_Wadle_George_James
73_Bonwick_James,73_Bonwick_James
776_Wright_William,776_Wright_William
82_Bowyer_William,82_Bowyer_William
85_Brierley_Benjamin,85_Brierley_Benjamin
86_Britton_John,86_Britton_John
8_Aldred_Guy_A.,8_Aldred_Guy_A.
91_Brooks_Joseph_Barlow,91_Brooks_Joseph_Barlow
Topic_0,Topic_0
Topic_1,Topic_1
Topic_2,Topic_2
Topic_3,Topic_3
